1,378 Manufacturers Drive,in purus eu magna vulputate luctus cum sociis natoque penatibus et magnis dis parturient montes nascetur ridiculus mus vivamus
2,122 Sheridan Pass,in felis eu sapien cursus vestibulum proin eu mi nulla ac
3,0 Express Circle,suspendisse potenti nullam porttitor lacus at turpis donec posuere metus
4,1331 Shelley Lane,ut mauris eget massa tempor convallis nulla neque libero convallis eget
5,4 Graedel Junction,lectus in est risus auctor sed tristique in tempus sit amet sem fusce consequat nulla nisl
6,0 Hooker Street,turpis adipiscing lorem vitae mattis nibh ligula nec sem duis aliquam convallis nunc proin at turpis
7,11895 American Ash Circle,mi nulla ac enim in tempor turpis nec euismod scelerisque quam turpis adipiscing lorem vitae
8,77613 Hoffman Terrace,nisi at nibh in hac habitasse platea dictumst aliquam augue quam sollicitudin vitae consectetuer eget rutrum at
9,15341 Pepper Wood Plaza,pellentesque ultrices mattis odio donec vitae nisi nam ultrices libero non mattis pulvinar nulla pede
10,4 Jana Alley,convallis morbi odio odio elementum eu interdum eu tincidunt in leo
